{"generated_at":"2026-01-29 07:28:45","total":514,"data":[{"code":"11.05","name":"Kabupaten Aceh Barat","province_name":"Aceh"},{"code":"11.12","name":"Kabupaten Aceh Barat Daya","province_name":"Aceh"},{"code":"11.06","name":"Kabupaten Aceh Besar","province_name":"Aceh"},{"code":"11.14","name":"Kabupaten Aceh Jaya","province_name":"Aceh"},{"code":"11.01","name":"Kabupaten Aceh Selatan","province_name":"Aceh"},{"code":"11.10","name":"Kabupaten Aceh Singkil","province_name":"Aceh"},{"code":"11.16","name":"Kabupaten Aceh Tamiang","province_name":"Aceh"},{"code":"11.04","name":"Kabupaten Aceh Tengah","province_name":"Aceh"},{"code":"11.02","name":"Kabupaten Aceh Tenggara","province_name":"Aceh"},{"code":"11.03","name":"Kabupaten Aceh Timur","province_name":"Aceh"},{"code":"11.08","name":"Kabupaten Aceh Utara","province_name":"Aceh"},{"code":"11.17","name":"Kabupaten Bener Meriah","province_name":"Aceh"},{"code":"11.11","name":"Kabupaten Bireuen","province_name":"Aceh"},{"code":"11.13","name":"Kabupaten Gayo Lues","province_name":"Aceh"},{"code":"11.15","name":"Kabupaten Nagan Raya","province_name":"Aceh"},{"code":"11.07","name":"Kabupaten Pidie","province_name":"Aceh"},{"code":"11.18","name":"Kabupaten Pidie Jaya","province_name":"Aceh"},{"code":"11.09","name":"Kabupaten Simeulue","province_name":"Aceh"},{"code":"11.71","name":"Kota Banda Aceh","province_name":"Aceh"},{"code":"11.74","name":"Kota Langsa","province_name":"Aceh"},{"code":"11.73","name":"Kota Lhokseumawe","province_name":"Aceh"},{"code":"11.72","name":"Kota Sabang","province_name":"Aceh"},{"code":"11.75","name":"Kota Subulussalam","province_name":"Aceh"},{"code":"51.03","name":"Kabupaten Badung","province_name":"Bali"},{"code":"51.06","name":"Kabupaten Bangli","province_name":"Bali"},{"code":"51.08","name":"Kabupaten Buleleng","province_name":"Bali"},{"code":"51.04","name":"Kabupaten Gianyar","province_name":"Bali"},{"code":"51.01","name":"Kabupaten Jembrana","province_name":"Bali"},{"code":"51.07","name":"Kabupaten Karangasem","province_name":"Bali"},{"code":"51.05","name":"Kabupaten Klungkung","province_name":"Bali"},{"code":"51.02","name":"Kabupaten Tabanan","province_name":"Bali"},{"code":"51.71","name":"Kota Denpasar","province_name":"Bali"},{"code":"36.02","name":"Kabupaten Lebak","province_name":"Banten"},{"code":"36.01","name":"Kabupaten Pandeglang","province_name":"Banten"},{"code":"36.04","name":"Kabupaten Serang","province_name":"Banten"},{"code":"36.03","name":"Kabupaten Tangerang","province_name":"Banten"},{"code":"36.72","name":"Kota Cilegon","province_name":"Banten"},{"code":"36.73","name":"Kota Serang","province_name":"Banten"},{"code":"36.71","name":"Kota Tangerang","province_name":"Banten"},{"code":"36.74","name":"Kota Tangerang Selatan","province_name":"Banten"},{"code":"17.01","name":"Kabupaten Bengkulu Selatan","province_name":"Bengkulu"},{"code":"17.09","name":"Kabupaten Bengkulu Tengah","province_name":"Bengkulu"},{"code":"17.03","name":"Kabupaten Bengkulu Utara","province_name":"Bengkulu"},{"code":"17.04","name":"Kabupaten Kaur","province_name":"Bengkulu"},{"code":"17.08","name":"Kabupaten Kepahiang","province_name":"Bengkulu"},{"code":"17.07","name":"Kabupaten Lebong","province_name":"Bengkulu"},{"code":"17.06","name":"Kabupaten Mukomuko","province_name":"Bengkulu"},{"code":"17.02","name":"Kabupaten Rejang Lebong","province_name":"Bengkulu"},{"code":"17.05","name":"Kabupaten Seluma","province_name":"Bengkulu"},{"code":"17.71","name":"Kota Bengkulu","province_name":"Bengkulu"},{"code":"34.02","name":"Kabupaten Bantul","province_name":"Daerah Istimewa Yogyakarta"},{"code":"34.03","name":"Kabupaten Gunungkidul","province_name":"Daerah Istimewa Yogyakarta"},{"code":"34.01","name":"Kabupaten Kulon Progo","province_name":"Daerah Istimewa Yogyakarta"},{"code":"34.04","name":"Kabupaten Sleman","province_name":"Daerah Istimewa Yogyakarta"},{"code":"34.71","name":"Kota Yogyakarta","province_name":"Daerah Istimewa Yogyakarta"},{"code":"31.01","name":"Kabupaten Administrasi Kepulauan Seribu","province_name":"DKI Jakarta"},{"code":"31.73","name":"Kota Administrasi Jakarta Barat","province_name":"DKI Jakarta"},{"code":"31.71","name":"Kota Administrasi Jakarta Pusat","province_name":"DKI Jakarta"},{"code":"31.74","name":"Kota Administrasi Jakarta Selatan","province_name":"DKI Jakarta"},{"code":"31.75","name":"Kota Administrasi Jakarta Timur","province_name":"DKI Jakarta"},{"code":"31.72","name":"Kota Administrasi Jakarta Utara ","province_name":"DKI Jakarta"},{"code":"75.02","name":"Kabupaten Boalemo","province_name":"Gorontalo"},{"code":"75.03","name":"Kabupaten Bone Bolango","province_name":"Gorontalo"},{"code":"75.01","name":"Kabupaten Gorontalo","province_name":"Gorontalo"},{"code":"75.05","name":"Kabupaten Gorontalo Utara","province_name":"Gorontalo"},{"code":"75.04","name":"Kabupaten Pohuwato","province_name":"Gorontalo"},{"code":"75.71","name":"Kota Gorontalo","province_name":"Gorontalo"},{"code":"15.02","name":"Kabupaten  Merangin","province_name":"Jambi"},{"code":"15.05","name":"Kabupaten  Muaro Jambi","province_name":"Jambi"},{"code":"15.04","name":"Kabupaten Batanghari","province_name":"Jambi"},{"code":"15.08","name":"Kabupaten Bungo","province_name":"Jambi"},{"code":"15.01","name":"Kabupaten Kerinci","province_name":"Jambi"},{"code":"15.03","name":"Kabupaten Sarolangun","province_name":"Jambi"},{"code":"15.06","name":"Kabupaten Tanjung Jabung Barat","province_name":"Jambi"},{"code":"15.07","name":"Kabupaten Tanjung Jabung Timur","province_name":"Jambi"},{"code":"15.09","name":"Kabupaten Tebo","province_name":"Jambi"},{"code":"15.71","name":"Kota Jambi","province_name":"Jambi"},{"code":"15.72","name":"Kota Sungai Penuh","province_name":"Jambi"},{"code":"32.04","name":"Kabupaten Bandung","province_name":"Jawa Barat"},{"code":"32.17","name":"Kabupaten Bandung Barat","province_name":"Jawa Barat"},{"code":"32.16","name":"Kabupaten Bekasi","province_name":"Jawa Barat"},{"code":"32.01","name":"Kabupaten Bogor","province_name":"Jawa Barat"},{"code":"32.07","name":"Kabupaten Ciamis","province_name":"Jawa Barat"},{"code":"32.03","name":"Kabupaten Cianjur","province_name":"Jawa Barat"},{"code":"32.09","name":"Kabupaten Cirebon","province_name":"Jawa Barat"},{"code":"32.05","name":"Kabupaten Garut","province_name":"Jawa Barat"},{"code":"32.12","name":"Kabupaten Indramayu","province_name":"Jawa Barat"},{"code":"32.15","name":"Kabupaten Karawang","province_name":"Jawa Barat"},{"code":"32.08","name":"Kabupaten Kuningan","province_name":"Jawa Barat"},{"code":"32.10","name":"Kabupaten Majalengka","province_name":"Jawa Barat"},{"code":"32.18","name":"Kabupaten Pangandaran","province_name":"Jawa Barat"},{"code":"32.14","name":"Kabupaten Purwakarta","province_name":"Jawa Barat"},{"code":"32.13","name":"Kabupaten Subang","province_name":"Jawa Barat"},{"code":"32.02","name":"Kabupaten Sukabumi","province_name":"Jawa Barat"},{"code":"32.11","name":"Kabupaten Sumedang","province_name":"Jawa Barat"},{"code":"32.06","name":"Kabupaten Tasikmalaya","province_name":"Jawa Barat"},{"code":"32.73","name":"Kota Bandung","province_name":"Jawa Barat"},{"code":"32.79","name":"Kota Banjar","province_name":"Jawa Barat"},{"code":"32.75","name":"Kota Bekasi","province_name":"Jawa Barat"},{"code":"32.71","name":"Kota Bogor","province_name":"Jawa Barat"},{"code":"32.77","name":"Kota Cimahi","province_name":"Jawa Barat"},{"code":"32.74","name":"Kota Cirebon","province_name":"Jawa Barat"},{"code":"32.76","name":"Kota Depok","province_name":"Jawa Barat"},{"code":"32.72","name":"Kota Sukabumi","province_name":"Jawa Barat"},{"code":"32.78","name":"Kota Tasikmalaya","province_name":"Jawa Barat"},{"code":"33.04","name":"Kabupaten Banjarnegara","province_name":"Jawa Tengah"},{"code":"33.02","name":"Kabupaten Banyumas","province_name":"Jawa Tengah"},{"code":"33.25","name":"Kabupaten Batang","province_name":"Jawa Tengah"},{"code":"33.16","name":"Kabupaten Blora","province_name":"Jawa Tengah"},{"code":"33.09","name":"Kabupaten Boyolali","province_name":"Jawa Tengah"},{"code":"33.29","name":"Kabupaten Brebes","province_name":"Jawa Tengah"},{"code":"33.01","name":"Kabupaten Cilacap","province_name":"Jawa Tengah"},{"code":"33.21","name":"Kabupaten Demak","province_name":"Jawa Tengah"},{"code":"33.15","name":"Kabupaten Grobogan","province_name":"Jawa Tengah"},{"code":"33.20","name":"Kabupaten Jepara","province_name":"Jawa Tengah"},{"code":"33.13","name":"Kabupaten Karanganyar","province_name":"Jawa Tengah"},{"code":"33.05","name":"Kabupaten Kebumen","province_name":"Jawa Tengah"},{"code":"33.24","name":"Kabupaten Kendal","province_name":"Jawa Tengah"},{"code":"33.10","name":"Kabupaten Klaten","province_name":"Jawa Tengah"},{"code":"33.19","name":"Kabupaten Kudus","province_name":"Jawa Tengah"},{"code":"33.08","name":"Kabupaten Magelang","province_name":"Jawa Tengah"},{"code":"33.18","name":"Kabupaten Pati","province_name":"Jawa Tengah"},{"code":"33.26","name":"Kabupaten Pekalongan","province_name":"Jawa Tengah"},{"code":"33.27","name":"Kabupaten Pemalang","province_name":"Jawa Tengah"},{"code":"33.03","name":"Kabupaten Purbalingga","province_name":"Jawa Tengah"},{"code":"33.06","name":"Kabupaten Purworejo","province_name":"Jawa Tengah"},{"code":"33.17","name":"Kabupaten Rembang","province_name":"Jawa Tengah"},{"code":"33.22","name":"Kabupaten Semarang","province_name":"Jawa Tengah"},{"code":"33.14","name":"Kabupaten Sragen","province_name":"Jawa Tengah"},{"code":"33.11","name":"Kabupaten Sukoharjo","province_name":"Jawa Tengah"},{"code":"33.28","name":"Kabupaten Tegal","province_name":"Jawa Tengah"},{"code":"33.23","name":"Kabupaten Temanggung","province_name":"Jawa Tengah"},{"code":"33.12","name":"Kabupaten Wonogiri","province_name":"Jawa Tengah"},{"code":"33.07","name":"Kabupaten Wonosobo","province_name":"Jawa Tengah"},{"code":"33.71","name":"Kota Magelang","province_name":"Jawa Tengah"},{"code":"33.75","name":"Kota Pekalongan","province_name":"Jawa Tengah"},{"code":"33.73","name":"Kota Salatiga","province_name":"Jawa Tengah"},{"code":"33.74","name":"Kota Semarang","province_name":"Jawa Tengah"},{"code":"33.72","name":"Kota Surakarta","province_name":"Jawa Tengah"},{"code":"33.76","name":"Kota Tegal","province_name":"Jawa Tengah"},{"code":"35.26","name":"Kabupaten Bangkalan","province_name":"Jawa Timur"},{"code":"35.10","name":"Kabupaten Banyuwangi","province_name":"Jawa Timur"},{"code":"35.05","name":"Kabupaten Blitar","province_name":"Jawa Timur"},{"code":"35.22","name":"Kabupaten Bojonegoro","province_name":"Jawa Timur"},{"code":"35.11","name":"Kabupaten Bondowoso","province_name":"Jawa Timur"},{"code":"35.25","name":"Kabupaten Gresik","province_name":"Jawa Timur"},{"code":"35.09","name":"Kabupaten Jember","province_name":"Jawa Timur"},{"code":"35.17","name":"Kabupaten Jombang","province_name":"Jawa Timur"},{"code":"35.06","name":"Kabupaten Kediri","province_name":"Jawa Timur"},{"code":"35.24","name":"Kabupaten Lamongan","province_name":"Jawa Timur"},{"code":"35.08","name":"Kabupaten Lumajang","province_name":"Jawa Timur"},{"code":"35.19","name":"Kabupaten Madiun","province_name":"Jawa Timur"},{"code":"35.20","name":"Kabupaten Magetan","province_name":"Jawa Timur"},{"code":"35.07","name":"Kabupaten Malang","province_name":"Jawa Timur"},{"code":"35.16","name":"Kabupaten Mojokerto","province_name":"Jawa Timur"},{"code":"35.18","name":"Kabupaten Nganjuk","province_name":"Jawa Timur"},{"code":"35.21","name":"Kabupaten Ngawi","province_name":"Jawa Timur"},{"code":"35.01","name":"Kabupaten Pacitan","province_name":"Jawa Timur"},{"code":"35.28","name":"Kabupaten Pamekasan","province_name":"Jawa Timur"},{"code":"35.14","name":"Kabupaten Pasuruan","province_name":"Jawa Timur"},{"code":"35.02","name":"Kabupaten Ponorogo","province_name":"Jawa Timur"},{"code":"35.13","name":"Kabupaten Probolinggo","province_name":"Jawa Timur"},{"code":"35.27","name":"Kabupaten Sampang","province_name":"Jawa Timur"},{"code":"35.15","name":"Kabupaten Sidoarjo","province_name":"Jawa Timur"},{"code":"35.12","name":"Kabupaten Situbondo","province_name":"Jawa Timur"},{"code":"35.29","name":"Kabupaten Sumenep","province_name":"Jawa Timur"},{"code":"35.03","name":"Kabupaten Trenggalek","province_name":"Jawa Timur"},{"code":"35.23","name":"Kabupaten Tuban","province_name":"Jawa Timur"},{"code":"35.04","name":"Kabupaten Tulungagung","province_name":"Jawa Timur"},{"code":"35.79","name":"Kota Batu","province_name":"Jawa Timur"},{"code":"35.72","name":"Kota Blitar","province_name":"Jawa Timur"},{"code":"35.71","name":"Kota Kediri","province_name":"Jawa Timur"},{"code":"35.77","name":"Kota Madiun","province_name":"Jawa Timur"},{"code":"35.73","name":"Kota Malang","province_name":"Jawa Timur"},{"code":"35.76","name":"Kota Mojokerto","province_name":"Jawa Timur"},{"code":"35.75","name":"Kota Pasuruan","province_name":"Jawa Timur"},{"code":"35.74","name":"Kota Probolinggo","province_name":"Jawa Timur"},{"code":"35.78","name":"Kota Surabaya","province_name":"Jawa Timur"},{"code":"61.07","name":"Kabupaten Bengkayang","province_name":"Kalimantan Barat"},{"code":"61.06","name":"Kabupaten Kapuas Hulu","province_name":"Kalimantan Barat"},{"code":"61.11","name":"Kabupaten Kayong Utara","province_name":"Kalimantan Barat"},{"code":"61.04","name":"Kabupaten Ketapang","province_name":"Kalimantan Barat"},{"code":"61.12","name":"Kabupaten Kubu Raya","province_name":"Kalimantan Barat"},{"code":"61.08","name":"Kabupaten Landak","province_name":"Kalimantan Barat"},{"code":"61.10","name":"Kabupaten Melawi","province_name":"Kalimantan Barat"},{"code":"61.02","name":"Kabupaten Mempawah","province_name":"Kalimantan Barat"},{"code":"61.01","name":"Kabupaten Sambas","province_name":"Kalimantan Barat"},{"code":"61.03","name":"Kabupaten Sanggau","province_name":"Kalimantan Barat"},{"code":"61.09","name":"Kabupaten Sekadau","province_name":"Kalimantan Barat"},{"code":"61.05","name":"Kabupaten Sintang","province_name":"Kalimantan Barat"},{"code":"61.71","name":"Kota Pontianak","province_name":"Kalimantan Barat"},{"code":"61.72","name":"Kota Singkawang","province_name":"Kalimantan Barat"},{"code":"63.11","name":"Kabupaten Balangan","province_name":"Kalimantan Selatan"},{"code":"63.03","name":"Kabupaten Banjar","province_name":"Kalimantan Selatan"},{"code":"63.04","name":"Kabupaten Barito Kuala","province_name":"Kalimantan Selatan"},{"code":"63.06","name":"Kabupaten Hulu Sungai Selatan","province_name":"Kalimantan Selatan"},{"code":"63.07","name":"Kabupaten Hulu Sungai Tengah","province_name":"Kalimantan Selatan"},{"code":"63.08","name":"Kabupaten Hulu Sungai Utara","province_name":"Kalimantan Selatan"},{"code":"63.02","name":"Kabupaten Kotabaru","province_name":"Kalimantan Selatan"},{"code":"63.09","name":"Kabupaten Tabalong","province_name":"Kalimantan Selatan"},{"code":"63.10","name":"Kabupaten Tanah Bumbu","province_name":"Kalimantan Selatan"},{"code":"63.01","name":"Kabupaten Tanah Laut","province_name":"Kalimantan Selatan"},{"code":"63.05","name":"Kabupaten Tapin","province_name":"Kalimantan Selatan"},{"code":"63.72","name":"Kota Banjarbaru","province_name":"Kalimantan Selatan"},{"code":"63.71","name":"Kota Banjarmasin","province_name":"Kalimantan Selatan"},{"code":"62.04","name":"Kabupaten Barito Selatan","province_name":"Kalimantan Tengah"},{"code":"62.13","name":"Kabupaten Barito Timur","province_name":"Kalimantan Tengah"},{"code":"62.05","name":"Kabupaten Barito Utara","province_name":"Kalimantan Tengah"},{"code":"62.10","name":"Kabupaten Gunung Mas","province_name":"Kalimantan Tengah"},{"code":"62.03","name":"Kabupaten Kapuas","province_name":"Kalimantan Tengah"},{"code":"62.06","name":"Kabupaten Katingan","province_name":"Kalimantan Tengah"},{"code":"62.01","name":"Kabupaten Kotawaringin Barat","province_name":"Kalimantan Tengah"},{"code":"62.02","name":"Kabupaten Kotawaringin Timur","province_name":"Kalimantan Tengah"},{"code":"62.09","name":"Kabupaten Lamandau","province_name":"Kalimantan Tengah"},{"code":"62.12","name":"Kabupaten Murung Raya","province_name":"Kalimantan Tengah"},{"code":"62.11","name":"Kabupaten Pulang Pisau","province_name":"Kalimantan Tengah"},{"code":"62.07","name":"Kabupaten Seruyan","province_name":"Kalimantan Tengah"},{"code":"62.08","name":"Kabupaten Sukamara","province_name":"Kalimantan Tengah"},{"code":"62.71","name":"Kota Palangkaraya","province_name":"Kalimantan Tengah"},{"code":"64.03","name":"Kabupaten Berau","province_name":"Kalimantan Timur"},{"code":"64.07","name":"Kabupaten Kutai Barat","province_name":"Kalimantan Timur"},{"code":"64.02","name":"Kabupaten Kutai Kartanegara","province_name":"Kalimantan Timur"},{"code":"64.08","name":"Kabupaten Kutai Timur","province_name":"Kalimantan Timur"},{"code":"64.11","name":"Kabupaten Mahakam Ulu","province_name":"Kalimantan Timur"},{"code":"64.01","name":"Kabupaten Paser","province_name":"Kalimantan Timur"},{"code":"64.09","name":"Kabupaten Penajam Paser Utara","province_name":"Kalimantan Timur"},{"code":"64.71","name":"Kota Balikpapan","province_name":"Kalimantan Timur"},{"code":"64.74","name":"Kota Bontang","province_name":"Kalimantan Timur"},{"code":"64.72","name":"Kota Samarinda","province_name":"Kalimantan Timur"},{"code":"65.01","name":"Kabupaten Bulungan","province_name":"Kalimantan Utara"},{"code":"65.02","name":"Kabupaten Malinau","province_name":"Kalimantan Utara"},{"code":"65.03","name":"Kabupaten Nunukan","province_name":"Kalimantan Utara"},{"code":"65.04","name":"Kabupaten Tana Tidung","province_name":"Kalimantan Utara"},{"code":"65.71","name":"Kota Tarakan","province_name":"Kalimantan Utara"},{"code":"19.01","name":"Kabupaten Bangka","province_name":"Kepulauan Bangka Belitung"},{"code":"19.05","name":"Kabupaten Bangka Barat","province_name":"Kepulauan Bangka Belitung"},{"code":"19.03","name":"Kabupaten Bangka Selatan","province_name":"Kepulauan Bangka Belitung"},{"code":"19.04","name":"Kabupaten Bangka Tengah","province_name":"Kepulauan Bangka Belitung"},{"code":"19.02","name":"Kabupaten Belitung","province_name":"Kepulauan Bangka Belitung"},{"code":"19.06","name":"Kabupaten Belitung Timur","province_name":"Kepulauan Bangka Belitung"},{"code":"19.71","name":"Kota Pangkal Pinang","province_name":"Kepulauan Bangka Belitung"},{"code":"21.01","name":"Kabupaten Bintan","province_name":"Kepulauan Riau"},{"code":"21.02","name":"Kabupaten Karimun","province_name":"Kepulauan Riau"},{"code":"21.05","name":"Kabupaten Kepulauan Anambas","province_name":"Kepulauan Riau"},{"code":"21.04","name":"Kabupaten Lingga","province_name":"Kepulauan Riau"},{"code":"21.03","name":"Kabupaten Natuna","province_name":"Kepulauan Riau"},{"code":"21.71","name":"Kota Batam","province_name":"Kepulauan Riau"},{"code":"21.72","name":"Kota Tanjung Pinang","province_name":"Kepulauan Riau"},{"code":"18.04","name":"Kabupaten Lampung Barat","province_name":"Lampung"},{"code":"18.01","name":"Kabupaten Lampung Selatan","province_name":"Lampung"},{"code":"18.02","name":"Kabupaten Lampung Tengah","province_name":"Lampung"},{"code":"18.07","name":"Kabupaten Lampung Timur","province_name":"Lampung"},{"code":"18.03","name":"Kabupaten Lampung Utara","province_name":"Lampung"},{"code":"18.11","name":"Kabupaten Mesuji","province_name":"Lampung"},{"code":"18.09","name":"Kabupaten Pesawaran","province_name":"Lampung"},{"code":"18.13","name":"Kabupaten Pesisir Barat","province_name":"Lampung"},{"code":"18.10","name":"Kabupaten Pringsewu","province_name":"Lampung"},{"code":"18.06","name":"Kabupaten Tanggamus","province_name":"Lampung"},{"code":"18.05","name":"Kabupaten Tulang Bawang","province_name":"Lampung"},{"code":"18.12","name":"Kabupaten Tulang Bawang Barat","province_name":"Lampung"},{"code":"18.08","name":"Kabupaten Way Kanan","province_name":"Lampung"},{"code":"18.71","name":"Kota Bandar Lampung","province_name":"Lampung"},{"code":"18.72","name":"Kota Metro","province_name":"Lampung"},{"code":"81.04","name":"Kabupaten Buru","province_name":"Maluku"},{"code":"81.09","name":"Kabupaten Buru Selatan","province_name":"Maluku"},{"code":"81.07","name":"Kabupaten Kepulauan Aru","province_name":"Maluku"},{"code":"81.03","name":"Kabupaten Kepulauan Tanimbar","province_name":"Maluku"},{"code":"81.08","name":"Kabupaten Maluku Barat Daya","province_name":"Maluku"},{"code":"81.01","name":"Kabupaten Maluku Tengah","province_name":"Maluku"},{"code":"81.02","name":"Kabupaten Maluku Tenggara","province_name":"Maluku"},{"code":"81.06","name":"Kabupaten Seram Bagian Barat","province_name":"Maluku"},{"code":"81.05","name":"Kabupaten Seram Bagian Timur","province_name":"Maluku"},{"code":"81.71","name":"Kota Ambon","province_name":"Maluku"},{"code":"81.72","name":"Kota Tual","province_name":"Maluku"},{"code":"82.01","name":"Kabupaten Halmahera Barat","province_name":"Maluku Utara"},{"code":"82.04","name":"Kabupaten Halmahera Selatan","province_name":"Maluku Utara"},{"code":"82.02","name":"Kabupaten Halmahera Tengah","province_name":"Maluku Utara"},{"code":"82.06","name":"Kabupaten Halmahera Timur","province_name":"Maluku Utara"},{"code":"82.03","name":"Kabupaten Halmahera Utara","province_name":"Maluku Utara"},{"code":"82.05","name":"Kabupaten Kepulauan Sula","province_name":"Maluku Utara"},{"code":"82.07","name":"Kabupaten Pulau Morotai","province_name":"Maluku Utara"},{"code":"82.08","name":"Kabupaten Pulau Taliabu","province_name":"Maluku Utara"},{"code":"82.71","name":"Kota Ternate","province_name":"Maluku Utara"},{"code":"82.72","name":"Kota Tidore Kepulauan","province_name":"Maluku Utara"},{"code":"52.06","name":"Kabupaten Bima","province_name":"Nusa Tenggara Barat"},{"code":"52.05","name":"Kabupaten Dompu","province_name":"Nusa Tenggara Barat"},{"code":"52.01","name":"Kabupaten Lombok Barat","province_name":"Nusa Tenggara Barat"},{"code":"52.02","name":"Kabupaten Lombok Tengah","province_name":"Nusa Tenggara Barat"},{"code":"52.03","name":"Kabupaten Lombok Timur","province_name":"Nusa Tenggara Barat"},{"code":"52.08","name":"Kabupaten Lombok Utara","province_name":"Nusa Tenggara Barat"},{"code":"52.04","name":"Kabupaten Sumbawa","province_name":"Nusa Tenggara Barat"},{"code":"52.07","name":"Kabupaten Sumbawa Barat","province_name":"Nusa Tenggara Barat"},{"code":"52.72","name":"Kota Bima","province_name":"Nusa Tenggara Barat"},{"code":"52.71","name":"Kota Mataram","province_name":"Nusa Tenggara Barat"},{"code":"53.02","name":"Kab Timor Tengah Selatan","province_name":"Nusa Tenggara Timur"},{"code":"53.05","name":"Kabupaten Alor","province_name":"Nusa Tenggara Timur"},{"code":"53.04","name":"Kabupaten Belu","province_name":"Nusa Tenggara Timur"},{"code":"53.08","name":"Kabupaten Ende","province_name":"Nusa Tenggara Timur"},{"code":"53.06","name":"Kabupaten Flores Timur","province_name":"Nusa Tenggara Timur"},{"code":"53.01","name":"Kabupaten Kupang","province_name":"Nusa Tenggara Timur"},{"code":"53.13","name":"Kabupaten Lembata","province_name":"Nusa Tenggara Timur"},{"code":"53.21","name":"Kabupaten Malaka","province_name":"Nusa Tenggara Timur"},{"code":"53.10","name":"Kabupaten Manggarai","province_name":"Nusa Tenggara Timur"},{"code":"53.15","name":"Kabupaten Manggarai Barat","province_name":"Nusa Tenggara Timur"},{"code":"53.19","name":"Kabupaten Manggarai Timur","province_name":"Nusa Tenggara Timur"},{"code":"53.16","name":"Kabupaten Nagekeo","province_name":"Nusa Tenggara Timur"},{"code":"53.09","name":"Kabupaten Ngada","province_name":"Nusa Tenggara Timur"},{"code":"53.14","name":"Kabupaten Rote Ndao","province_name":"Nusa Tenggara Timur"},{"code":"53.20","name":"Kabupaten Sabu Raijua","province_name":"Nusa Tenggara Timur"},{"code":"53.07","name":"Kabupaten Sikka","province_name":"Nusa Tenggara Timur"},{"code":"53.12","name":"Kabupaten Sumba Barat","province_name":"Nusa Tenggara Timur"},{"code":"53.18","name":"Kabupaten Sumba Barat Daya","province_name":"Nusa Tenggara Timur"},{"code":"53.17","name":"Kabupaten Sumba Tengah","province_name":"Nusa Tenggara Timur"},{"code":"53.11","name":"Kabupaten Sumba Timur","province_name":"Nusa Tenggara Timur"},{"code":"53.03","name":"Kabupaten Timor Tengah Utara","province_name":"Nusa Tenggara Timur"},{"code":"53.71","name":"Kota Kupang","province_name":"Nusa Tenggara Timur"},{"code":"91.06","name":"Kabupaten Biak Numfor","province_name":"Papua"},{"code":"91.03","name":"Kabupaten Jayapura","province_name":"Papua"},{"code":"91.11","name":"Kabupaten Keerom","province_name":"Papua"},{"code":"91.05","name":"Kabupaten Kepulauan Yapen","province_name":"Papua"},{"code":"91.20","name":"Kabupaten Mamberamo Raya","province_name":"Papua"},{"code":"91.10","name":"Kabupaten Sarmi","province_name":"Papua"},{"code":"91.19","name":"Kabupaten Supiori","province_name":"Papua"},{"code":"91.15","name":"Kabupaten Waropen","province_name":"Papua"},{"code":"91.71","name":"Kota Jayapura","province_name":"Papua"},{"code":"92.03","name":"Kabupaten Fak Fak","province_name":"Papua Barat"},{"code":"92.08","name":"Kabupaten Kaimana","province_name":"Papua Barat"},{"code":"92.02","name":"Kabupaten Manokwari","province_name":"Papua Barat"},{"code":"92.11","name":"Kabupaten Manokwari Selatan","province_name":"Papua Barat"},{"code":"92.12","name":"Kabupaten Pegunungan Arfak","province_name":"Papua Barat"},{"code":"92.06","name":"Kabupaten Teluk Bintuni","province_name":"Papua Barat"},{"code":"92.07","name":"Kabupaten Teluk Wondama","province_name":"Papua Barat"},{"code":"96.05","name":"Kabupaten Maybrat","province_name":"Papua Barat Daya"},{"code":"96.03","name":"Kabupaten Raja Ampat","province_name":"Papua Barat Daya"},{"code":"96.01","name":"Kabupaten Sorong","province_name":"Papua Barat Daya"},{"code":"96.02","name":"Kabupaten Sorong Selatan","province_name":"Papua Barat Daya"},{"code":"96.04","name":"Kabupaten Tambrauw","province_name":"Papua Barat Daya"},{"code":"96.71","name":"Kota Sorong","province_name":"Papua Barat Daya"},{"code":"95.02","name":"Kab Pegunungan Bintang","province_name":"Papua Pegunungan"},{"code":"95.01","name":"Kabupaten Jayawijaya","province_name":"Papua Pegunungan"},{"code":"95.07","name":"Kabupaten Lanny Jaya","province_name":"Papua Pegunungan"},{"code":"95.05","name":"Kabupaten Mamberamo Tengah","province_name":"Papua Pegunungan"},{"code":"95.08","name":"Kabupaten Nduga","province_name":"Papua Pegunungan"},{"code":"95.04","name":"Kabupaten Tolikara","province_name":"Papua Pegunungan"},{"code":"95.03","name":"Kabupaten Yahukimo","province_name":"Papua Pegunungan"},{"code":"95.06","name":"Kabupaten Yalimo","province_name":"Papua Pegunungan"},{"code":"93.04","name":"Kabupaten Asmat","province_name":"Papua Selatan"},{"code":"93.02","name":"Kabupaten Boven Digoel","province_name":"Papua Selatan"},{"code":"93.03","name":"Kabupaten Mappi","province_name":"Papua Selatan"},{"code":"93.01","name":"Kabupaten Merauke","province_name":"Papua Selatan"},{"code":"94.08","name":"Kabupaten Deiyai","province_name":"Papua Tengah"},{"code":"94.06","name":"Kabupaten Dogiyai","province_name":"Papua Tengah"},{"code":"94.07","name":"Kabupaten Intan Jaya","province_name":"Papua Tengah"},{"code":"94.04","name":"Kabupaten Mimika","province_name":"Papua Tengah"},{"code":"94.01","name":"Kabupaten Nabire","province_name":"Papua Tengah"},{"code":"94.03","name":"Kabupaten Paniai","province_name":"Papua Tengah"},{"code":"94.05","name":"Kabupaten Puncak","province_name":"Papua Tengah"},{"code":"94.02","name":"Kabupaten Puncak Jaya","province_name":"Papua Tengah"},{"code":"14.03","name":"Kabupaten Bengkalis","province_name":"Riau"},{"code":"14.04","name":"Kabupaten Indragiri Hilir","province_name":"Riau"},{"code":"14.02","name":"Kabupaten Indragiri Hulu","province_name":"Riau"},{"code":"14.01","name":"Kabupaten Kampar","province_name":"Riau"},{"code":"14.10","name":"Kabupaten Kepulauan Meranti","province_name":"Riau"},{"code":"14.09","name":"Kabupaten Kuantan Singingi","province_name":"Riau"},{"code":"14.05","name":"Kabupaten Pelalawan","province_name":"Riau"},{"code":"14.07","name":"Kabupaten Rokan Hilir","province_name":"Riau"},{"code":"14.06","name":"Kabupaten Rokan Hulu","province_name":"Riau"},{"code":"14.08","name":"Kabupaten Siak","province_name":"Riau"},{"code":"14.72","name":"Kota Dumai","province_name":"Riau"},{"code":"14.71","name":"Kota Pekanbaru","province_name":"Riau"},{"code":"76.05","name":"Kabupaten Majene","province_name":"Sulawesi Barat"},{"code":"76.03","name":"Kabupaten Mamasa","province_name":"Sulawesi Barat"},{"code":"76.02","name":"Kabupaten Mamuju","province_name":"Sulawesi Barat"},{"code":"76.06","name":"Kabupaten Mamuju Tengah","province_name":"Sulawesi Barat"},{"code":"76.01","name":"Kabupaten Pasangkayu","province_name":"Sulawesi Barat"},{"code":"76.04","name":"Kabupaten Polewali Mandar","province_name":"Sulawesi Barat"},{"code":"73.03","name":"Kabupaten Bantaeng","province_name":"Sulawesi Selatan"},{"code":"73.11","name":"Kabupaten Barru","province_name":"Sulawesi Selatan"},{"code":"73.08","name":"Kabupaten Bone","province_name":"Sulawesi Selatan"},{"code":"73.02","name":"Kabupaten Bulukumba","province_name":"Sulawesi Selatan"},{"code":"73.16","name":"Kabupaten Enrekang","province_name":"Sulawesi Selatan"},{"code":"73.06","name":"Kabupaten Gowa","province_name":"Sulawesi Selatan"},{"code":"73.04","name":"Kabupaten Jeneponto","province_name":"Sulawesi Selatan"},{"code":"73.01","name":"Kabupaten Kepulauan Selayar","province_name":"Sulawesi Selatan"},{"code":"73.17","name":"Kabupaten Luwu","province_name":"Sulawesi Selatan"},{"code":"73.24","name":"Kabupaten Luwu Timur","province_name":"Sulawesi Selatan"},{"code":"73.22","name":"Kabupaten Luwu Utara","province_name":"Sulawesi Selatan"},{"code":"73.09","name":"Kabupaten Maros","province_name":"Sulawesi Selatan"},{"code":"73.10","name":"Kabupaten Pangkajene dan Kepulauan","province_name":"Sulawesi Selatan"},{"code":"73.15","name":"Kabupaten Pinrang","province_name":"Sulawesi Selatan"},{"code":"73.14","name":"Kabupaten Sidenreng Rappang","province_name":"Sulawesi Selatan"},{"code":"73.07","name":"Kabupaten Sinjai","province_name":"Sulawesi Selatan"},{"code":"73.12","name":"Kabupaten Soppeng","province_name":"Sulawesi Selatan"},{"code":"73.05","name":"Kabupaten Takalar","province_name":"Sulawesi Selatan"},{"code":"73.18","name":"Kabupaten Tana Toraja","province_name":"Sulawesi Selatan"},{"code":"73.26","name":"Kabupaten Toraja Utara","province_name":"Sulawesi Selatan"},{"code":"73.13","name":"Kabupaten Wajo","province_name":"Sulawesi Selatan"},{"code":"73.71","name":"Kota Makassar","province_name":"Sulawesi Selatan"},{"code":"73.73","name":"Kota Palopo","province_name":"Sulawesi Selatan"},{"code":"73.72","name":"Kota Parepare","province_name":"Sulawesi Selatan"},{"code":"72.01","name":"Kabupaten Banggai","province_name":"Sulawesi Tengah"},{"code":"72.07","name":"Kabupaten Banggai Kepulauan","province_name":"Sulawesi Tengah"},{"code":"72.11","name":"Kabupaten Banggai Laut","province_name":"Sulawesi Tengah"},{"code":"72.05","name":"Kabupaten Buol","province_name":"Sulawesi Tengah"},{"code":"72.03","name":"Kabupaten Donggala","province_name":"Sulawesi Tengah"},{"code":"72.06","name":"Kabupaten Morowali","province_name":"Sulawesi Tengah"},{"code":"72.12","name":"Kabupaten Morowali Utara","province_name":"Sulawesi Tengah"},{"code":"72.08","name":"Kabupaten Parigi Moutong","province_name":"Sulawesi Tengah"},{"code":"72.02","name":"Kabupaten Poso","province_name":"Sulawesi Tengah"},{"code":"72.10","name":"Kabupaten Sigi","province_name":"Sulawesi Tengah"},{"code":"72.09","name":"Kabupaten Tojo Una Una","province_name":"Sulawesi Tengah"},{"code":"72.04","name":"Kabupaten Toli-Toli","province_name":"Sulawesi Tengah"},{"code":"72.71","name":"Kota Palu","province_name":"Sulawesi Tengah"},{"code":"74.06","name":"Kabupaten Bombana","province_name":"Sulawesi Tenggara"},{"code":"74.04","name":"Kabupaten Buton","province_name":"Sulawesi Tenggara"},{"code":"74.15","name":"Kabupaten Buton Selatan","province_name":"Sulawesi Tenggara"},{"code":"74.14","name":"Kabupaten Buton Tengah","province_name":"Sulawesi Tenggara"},{"code":"74.10","name":"Kabupaten Buton Utara","province_name":"Sulawesi Tenggara"},{"code":"74.01","name":"Kabupaten Kolaka","province_name":"Sulawesi Tenggara"},{"code":"74.11","name":"Kabupaten Kolaka Timur","province_name":"Sulawesi Tenggara"},{"code":"74.08","name":"Kabupaten Kolaka Utara","province_name":"Sulawesi Tenggara"},{"code":"74.02","name":"Kabupaten Konawe","province_name":"Sulawesi Tenggara"},{"code":"74.12","name":"Kabupaten Konawe Kepulauan","province_name":"Sulawesi Tenggara"},{"code":"74.05","name":"Kabupaten Konawe Selatan","province_name":"Sulawesi Tenggara"},{"code":"74.09","name":"Kabupaten Konawe Utara","province_name":"Sulawesi Tenggara"},{"code":"74.03","name":"Kabupaten Muna","province_name":"Sulawesi Tenggara"},{"code":"74.13","name":"Kabupaten Muna Barat","province_name":"Sulawesi Tenggara"},{"code":"74.07","name":"Kabupaten Wakatobi","province_name":"Sulawesi Tenggara"},{"code":"74.72","name":"Kota Bau Bau","province_name":"Sulawesi Tenggara"},{"code":"74.71","name":"Kota Kendari","province_name":"Sulawesi Tenggara"},{"code":"71.01","name":"Kabupaten Bolaang Mongondow","province_name":"Sulawesi Utara"},{"code":"71.11","name":"Kabupaten Bolaang Mongondow Selatan","province_name":"Sulawesi Utara"},{"code":"71.10","name":"Kabupaten Bolaang Mongondow Timur","province_name":"Sulawesi Utara"},{"code":"71.08","name":"Kabupaten Bolaang Mongondow Utara","province_name":"Sulawesi Utara"},{"code":"71.09","name":"Kabupaten Kep. Siau Tagulandang Biaro","province_name":"Sulawesi Utara"},{"code":"71.03","name":"Kabupaten Kepulauan Sangihe","province_name":"Sulawesi Utara"},{"code":"71.04","name":"Kabupaten Kepulauan Talaud","province_name":"Sulawesi Utara"},{"code":"71.02","name":"Kabupaten Minahasa","province_name":"Sulawesi Utara"},{"code":"71.05","name":"Kabupaten Minahasa Selatan","province_name":"Sulawesi Utara"},{"code":"71.07","name":"Kabupaten Minahasa Tenggara","province_name":"Sulawesi Utara"},{"code":"71.06","name":"Kabupaten Minahasa Utara","province_name":"Sulawesi Utara"},{"code":"71.72","name":"Kota Bitung","province_name":"Sulawesi Utara"},{"code":"71.74","name":"Kota Kotamobagu","province_name":"Sulawesi Utara"},{"code":"71.71","name":"Kota Manado","province_name":"Sulawesi Utara"},{"code":"71.73","name":"Kota Tomohon","province_name":"Sulawesi Utara"},{"code":"13.06","name":"Kabupaten Agam","province_name":"Sumatera Barat"},{"code":"13.10","name":"Kabupaten Dharmasraya","province_name":"Sumatera Barat"},{"code":"13.09","name":"Kabupaten Kepulauan Mentawai","province_name":"Sumatera Barat"},{"code":"13.07","name":"Kabupaten Lima Puluh Kota","province_name":"Sumatera Barat"},{"code":"13.05","name":"Kabupaten Padang Pariaman","province_name":"Sumatera Barat"},{"code":"13.08","name":"Kabupaten Pasaman","province_name":"Sumatera Barat"},{"code":"13.12","name":"Kabupaten Pasaman Barat","province_name":"Sumatera Barat"},{"code":"13.01","name":"Kabupaten Pesisir Selatan","province_name":"Sumatera Barat"},{"code":"13.03","name":"Kabupaten Sijunjung","province_name":"Sumatera Barat"},{"code":"13.02","name":"Kabupaten Solok","province_name":"Sumatera Barat"},{"code":"13.11","name":"Kabupaten Solok Selatan","province_name":"Sumatera Barat"},{"code":"13.04","name":"Kabupaten Tanah Datar","province_name":"Sumatera Barat"},{"code":"13.75","name":"Kota Bukittinggi","province_name":"Sumatera Barat"},{"code":"13.71","name":"Kota Padang","province_name":"Sumatera Barat"},{"code":"13.74","name":"Kota Padang Panjang","province_name":"Sumatera Barat"},{"code":"13.77","name":"Kota Pariaman","province_name":"Sumatera Barat"},{"code":"13.76","name":"Kota Payakumbuh","province_name":"Sumatera Barat"},{"code":"13.73","name":"Kota Sawahlunto","province_name":"Sumatera Barat"},{"code":"13.72","name":"Kota Solok","province_name":"Sumatera Barat"},{"code":"16.07","name":"Kabupaten Banyuasin","province_name":"Sumatera Selatan"},{"code":"16.11","name":"Kabupaten Empat Lawang","province_name":"Sumatera Selatan"},{"code":"16.04","name":"Kabupaten Lahat","province_name":"Sumatera Selatan"},{"code":"16.03","name":"Kabupaten Muara Enim","province_name":"Sumatera Selatan"},{"code":"16.06","name":"Kabupaten Musi Banyuasin","province_name":"Sumatera Selatan"},{"code":"16.05","name":"Kabupaten Musi Rawas","province_name":"Sumatera Selatan"},{"code":"16.13","name":"Kabupaten Musi Rawas Utara","province_name":"Sumatera Selatan"},{"code":"16.10","name":"Kabupaten Ogan Ilir","province_name":"Sumatera Selatan"},{"code":"16.02","name":"Kabupaten Ogan Komering","province_name":"Sumatera Selatan"},{"code":"16.01","name":"Kabupaten Ogan Komering Ulu","province_name":"Sumatera Selatan"},{"code":"16.09","name":"Kabupaten Ogan Komering Ulu Selatan","province_name":"Sumatera Selatan"},{"code":"16.08","name":"Kabupaten Ogan Komering Ulu Timur","province_name":"Sumatera Selatan"},{"code":"16.12","name":"Kabupaten Penukal Abab Lematang Ilir","province_name":"Sumatera Selatan"},{"code":"16.73","name":"Kota Lubuk Linggau","province_name":"Sumatera Selatan"},{"code":"16.72","name":"Kota Pagar Alam","province_name":"Sumatera Selatan"},{"code":"16.71","name":"Kota Palembang","province_name":"Sumatera Selatan"},{"code":"16.74","name":"Kota Prabumulih","province_name":"Sumatera Selatan"},{"code":"12.09","name":"Kabupaten Asahan","province_name":"Sumatera Utara"},{"code":"12.19","name":"Kabupaten Batu Bara","province_name":"Sumatera Utara"},{"code":"12.11","name":"Kabupaten Dairi","province_name":"Sumatera Utara"},{"code":"12.07","name":"Kabupaten Deli Serdang","province_name":"Sumatera Utara"},{"code":"12.16","name":"Kabupaten Humbang Hasundutan","province_name":"Sumatera Utara"},{"code":"12.06","name":"Kabupaten Karo","province_name":"Sumatera Utara"},{"code":"12.10","name":"Kabupaten Labuhanbatu","province_name":"Sumatera Utara"},{"code":"12.22","name":"Kabupaten Labuhanbatu Selatan","province_name":"Sumatera Utara"},{"code":"12.23","name":"Kabupaten Labuhanbatu Utara","province_name":"Sumatera Utara"},{"code":"12.05","name":"Kabupaten Langkat","province_name":"Sumatera Utara"},{"code":"12.13","name":"Kabupaten Mandailing Natal","province_name":"Sumatera Utara"},{"code":"12.04","name":"Kabupaten Nias","province_name":"Sumatera Utara"},{"code":"12.25","name":"Kabupaten Nias Barat","province_name":"Sumatera Utara"},{"code":"12.14","name":"Kabupaten Nias Selatan","province_name":"Sumatera Utara"},{"code":"12.24","name":"Kabupaten Nias Utara","province_name":"Sumatera Utara"},{"code":"12.21","name":"Kabupaten Padang Lawas","province_name":"Sumatera Utara"},{"code":"12.20","name":"Kabupaten Padang Lawas Utara","province_name":"Sumatera Utara"},{"code":"12.15","name":"Kabupaten Pakpak Bharat","province_name":"Sumatera Utara"},{"code":"12.17","name":"Kabupaten Samosir","province_name":"Sumatera Utara"},{"code":"12.18","name":"Kabupaten Serdang Bedagai","province_name":"Sumatera Utara"},{"code":"12.08","name":"Kabupaten Simalungun","province_name":"Sumatera Utara"},{"code":"12.03","name":"Kabupaten Tapanuli Selatan","province_name":"Sumatera Utara"},{"code":"12.01","name":"Kabupaten Tapanuli Tengah","province_name":"Sumatera Utara"},{"code":"12.02","name":"Kabupaten Tapanuli Utara","province_name":"Sumatera Utara"},{"code":"12.12","name":"Kabupaten Toba","province_name":"Sumatera Utara"},{"code":"12.75","name":"Kota Binjai","province_name":"Sumatera Utara"},{"code":"12.78","name":"Kota Gunungsitoli","province_name":"Sumatera Utara"},{"code":"12.71","name":"Kota Medan","province_name":"Sumatera Utara"},{"code":"12.77","name":"Kota Padangsidimpuan","province_name":"Sumatera Utara"},{"code":"12.72","name":"Kota Pematangsiantar","province_name":"Sumatera Utara"},{"code":"12.73","name":"Kota Sibolga","province_name":"Sumatera Utara"},{"code":"12.74","name":"Kota Tanjungbalai","province_name":"Sumatera Utara"},{"code":"12.76","name":"Kota Tebing Tinggi","province_name":"Sumatera Utara"}]}